<?xml version="1.0" encoding="UTF-8" ?>
<!--
   New Perspectives on XML 3rd Edition
   Tutorial 8
   Tutorial Case

   Shipping Document for Shipment 610

   Filename:         ship610.xml

-->

<shipment shipID="Ship610">
   <shipDateTime>2017-04-05T11:14:00</shipDateTime>
   <dispatcher>Garson, William</dispatcher>
   <fromStreet>411 Business Drive</fromStreet>
   <fromCity>Louisville, KY</fromCity>
   <fromState>KY</fromState>
   <fromZip>40216</fromZip>
   <toName>Ernesto Alvarez</toName>
   <toStreet>496 Rutherford Way</toStreet>
   <toCity>Cincinnati</toCity>
   <toState>OH</toState>
   <toZip>45244</toZip>
   <custID>cust4031</custID>
   <trackingNumber>113468779</trackingNumber>
   <shipType>Priority</shipType>
   <weight>4.3 lbs</weight>
   <items>
      <itemID qty="1">LL886</itemID>
      <itemID qty="3">LL579</itemID>
      <itemID qty="2">LL844</itemID>
   </items>
</shipment>
