<?xml version="1.0" encoding="UTF-8" ?>
<!--
   New Perspectives on XML 3rd Edition
   Tutorial 8
   Tutorial Case

   Shipping Document for Shipment 605

   Filename:         ship605.xml

-->

<shipment shipID="Ship605">
   <shipDateTime>2017-04-04T10:43:00</shipDateTime>
   <dispatcher>Garson, William</dispatcher>
   <fromStreet>411 Business Drive</fromStreet>
   <fromCity>Louisville, KY</fromCity>
   <fromState>KY</fromState>
   <fromZip>40216</fromZip>
   <toName>Ernesto Alvarez</toName>
   <toStreet>496 Rutherford Way</toStreet>
   <toCity>Cincinnati</toCity>
   <toState>OH</toState>
   <toZip>45244</toZip>
   <custID>cust4031</custID>
   <trackingNumber>113468513</trackingNumber>
   <shipType>Expedited</shipType>
   <weight>3.8 lbs</weight>
   <items>
      <itemID qty="1">LL511</itemID>
   </items>
</shipment>
