<?xml version="1.0" encoding="UTF-8" ?>
<!--
   New Perspectives on XML 3rd Edition
   Tutorial 8
   Tutorial Case

   Shipping Document for Shipment 601

   Filename:         ship601.xml

-->

<shipment shipID="Ship601">
   <shipDateTime>2017-04-03T09:45:00</shipDateTime>
   <dispatcher>Garson, William</dispatcher>
   <fromStreet>411 Business Drive</fromStreet>
   <fromCity>Louisville, KY</fromCity>
   <fromState>KY</fromState>
   <fromZip>40216</fromZip>
   <toName>Brent Reed</toName>
   <toStreet>702 Delaware Avenue</toStreet>
   <toCity>Coyle</toCity>
   <toState>OK</toState>
   <toZip>73027</toZip>
   <custID>cust8646</custID>
   <trackingNumber>113468182</trackingNumber>
   <shipType>Expedited</shipType>
   <weight>4.3 lbs</weight>
   <items>
      <itemID qty="1">LL203</itemID>
      <itemID qty="2">LL681</itemID>
      <itemID qty="1">LL223</itemID>
   </items>
</shipment>
