<!--
   New Perspectives on XML
   Tutorial 4
   Case Problem 4

   South Racing teams list
   Author: 
   Date:   

   Filename:         teams.xml
   Supporting Files: teams.css
-->

<teams>

   <team tid="t205">
      <title>Rodas Motorsports</title>
      <description>#1 Team in racing</description>
      <series>Indy</series>
   </team>

   <team tid="t105">
      <title>SAM Racing</title>
      <description>Top 10 over last 5 years</description>
      <series>Nascar</series>
   </team>

</teams>