<?xml version="1.0" encoding="UTF-8" standalone="no"?>
<!--
   New Perspectives on XML
   Tutorial 2
   Case Problem 4

   South Racing cars list
   Author: Eric Dockter
   Date:   9/27/2016

   Filename:         cars.xml
   Supporting Files: south.xml, teams.xml
-->
<cars xmlns:c="http://example.com/southracing/cars">
   <car cid="nes201" team="t205 t105">
      <title>Straight Away</title>
      <model>Nissan</model>
      <driver>indy</driver>
   </car>

   <car cid="gda100-5" team="t205 t105">      
      <title>Quick Start</title>
      <model>General Motors</model>
      <driver>indy</driver>      
   </car>

   <car cid="gma005-2" team="t205 t105">      
      <title>Stop Blocks Laps</title>
      <model>Ford</model>
      <driver>indy</driver>     
   </car>

   <car cid="sob-450V4" team="t205">      
      <title>Bendwinder</title>
      <model>Ford</model>
      <driver>412</driver>     
   </car>

   <car cid="hen01-53" team="t205">    
      <title>Turn Twister</title>
      <model>Nissan</model>
      <driver>indy</driver>   
   </car>

   <car cid="stu-050V4" team="t105">      
      <title>Sleeker</title>
      <model>General Motors</model>
      <driver>278</driver>     
   </car>

   <car cid="dej01-003" team="t105">    
      <title>84 Racer</title>
      <model>General Motors</model>
      <driver>198</driver>   
   </car>
</cars>