<?xml version="1.0" encoding="UTF-8" standalone="yes" ?>
<!-- 
   New Perspectives on XML
   Tutorial 4
   Case Problem 2
   Chester's Restaurant oatmeal

   Author:    Eric Dockter
   Date:      10/20/2016

   Filename:         recipe.xml
   Supporting Files: menu.css, menu.xsd, recipe.css, recipe.xsd
-->

<recipe xmlns="http://example.com/chestershartland/recipe">
   <itemName>Oatmeal Breakfast</itemName>
   <ingredients>
      <ingredient>1/3 c steel cut oats</ingredient>
      <ingredient>1-1/4 c water</ingredient>
      <ingredient>1/4 t salt</ingredient>
   </ingredients>
   <directions>
   <![CDATA[Bring water to a boil. Add salt and oats, stir, and lower heat
      to lowest setting. Cover and let stand 2 hours.
   ]]>
   </directions>
</recipe>