<?xml version="1.0" encoding="UTF-8" standalone="no" ?>
<!--
   New Perspectives on XML
   Tutorial 3
   Case Problem 3

   The Save Exotic Animals Trust donor roster
   Author:   
   Date:      

   Filename:           roster.xml
   Supporting Files:   roster.xsd
-->

<roster>
   <donor level="founder">
      <name>David Brennan</name>
      <address>5133 Oak Street
               Windermere, FL  34786</address>
      <phone type="home">(407) 555-8981</phone>
      <phone type="cell">(407) 555-8189</phone>
      <email>dbrennan@delisp.net</email>
      <donation>$50,000</donation>
      <method>Phone</method>
      <effectiveDate>1982-09-01</effectiveDate>
   </donor>

   <donor level="founder">
      <name>Cindy Wu</name>
      <address>31 Alice Avenue
                Windermere, FL 34786</address>
      <phone type="home">(407) 555-7212</phone>
      <email>cwu@ispnet.net</email>
      <donation>$50,000</donation>
      <method>Phone</method>
      <effectiveDate>1982-09-01</effectiveDate>
   </donor>

   <donor level="sponsor">
      <name>David Olson</name>
      <address>5133 Oak Street
               Windermere, FL  34786</address>
      <phone type="home">(407) 555-8981</phone>
      <phone type="cell">(407) 555-8189</phone>
      <email>dolson@davolsonlisp.net</email>
      <donation>$25,000</donation>
      <method>Personal</method>
      <effectiveDate>1985-07-31</effectiveDate>
   </donor>

   <donor level="sponsor">
      <name>Wilmer Stonehedge</name>
      <address>31 Alice Avenue
                Windermere, FL 34786</address>
      <phone type="cell">(407) 555-7212</phone>
      <email>wstone@ispnet.net</email>
      <donation>$25,000</donation>
      <method>Personal</method>
      <effectiveDate>1994-10-03</effectiveDate>
   </donor>

   
   <donor level="patron">
      <name>Lee Unwin</name>
      <address>451 Unwin Ct.
               Orlando, FL 32801</address>
      <phone type="cell">(534) 555-9082</phone>
      <email>leeunwin@clarion.net</email>
      <donation>$18,000</donation>
      <method>Personal</method>
      <effectiveDate>1998-11-01</effectiveDate>
   </donor>

   <donor level="patron">
      <name>Jane Whitney</name>
      <address>87 Hilltop Drive
               Windermere, FL 34786</address>
      <phone type="work">(534) 555-7493</phone>
      <donation>$15,000</donation>
      <method>Personal</method>
      <effectiveDate>1998-11-01</effectiveDate>
    </donor>

   <donor level="patron">
      <name>Andrew Sanchez</name>
      <address>891 Lindon Lane
               Windermere, FL 34786</address>
      <phone type="cell">(407) 555-4313</phone>
      <email>asanchez@yulit.com</email>
      <donation>$15,000</donation>
      <method>Personal</method>
      <effectiveDate>2000-03-04</effectiveDate>
   </donor>

   <donor level="friendship">
      <name>Gary Windt</name>
      <address>55 Hawking Street
               Windermere, FL 34786</address>
      <phone type="home">(407) 555-9939</phone>
      <email>windtg@brockton.com</email>
      <donation>$1000</donation>
      <method>Phone</method>
      <effectiveDate>2000-03-04</effectiveDate>
   </donor>

   <donor level="friendship">
      <name>Cynthia Browne</name>
      <address>71 Circuit Ct.
               Orlando, FL 32801</address>
      <phone type="cell">(407) 555-3813</phone>
      <email>cynthia@brownes.com</email>
      <donation>$1000</donation>
      <method>Phone</method>
      <effectiveDate>2000-03-04</effectiveDate>
   </donor>

   <donor level="friendship">
      <name>Howard Li</name>
      <address>4312 East Oak Avenue
               Orlando, FL 32801</address>
      <phone type="home">(407) 555-3921</phone>
      <donation>$1000</donation>
      <method>Mail</method>
      <effectiveDate>2011-03-04</effectiveDate>
   </donor>

   <donor level="friendship">
      <name>Uma Thu</name>
      <address>25 Longton Lane
               Windermere, FL 34786</address>
      <phone type="cell">(407) 555-8730</phone>
      <donation>$1000</donation>
      <method>Personal</method>
      <effectiveDate>2012-04-04</effectiveDate>
   </donor>

   <donor level="friendship">
      <name>Alan Wilkes</name>
      <address>321 Ashburn
               Orlando, FL 32801</address>
      <phone type="home">(407) 555-1181</phone>
      <email>wilkes_alan@wuilt.edu</email>
      <donation>$500</donation>
      <method>Mail</method>
      <effectiveDate>2012-01-04</effectiveDate>
   </donor>

   <donor level="friendship">
      <name>Steve Bones</name>
      <address>900 Lawton Street
               Orlando, FL 32801</address>
      <phone type="cell">(407) 555-5434</phone>
      <donation>$500</donation>
      <method>Personal</method>
      <effectiveDate>2012-09-14</effectiveDate>
   </donor>

   <donor level="friendship">
      <name>Jeri White</name>
      <address>Hawkes Lane
               Windermere, FL 89211</address>
      <phone type="cell">(542) 555-8828</phone>
      <email>jeri_white@kyu.edu</email>
      <donation>$300</donation>
      <method>Phone</method>
      <effectiveDate>2012-12-14</effectiveDate>
   </donor>

   <donor level="friendship">
      <name>Tom Thomas</name>
      <address>Rigel Avenue
               Apopka, FL 32703</address>
      <phone type="home">(531) 555-8311</phone>
      <donation>$100</donation>
      <method>Phone</method>
      <effectiveDate>2012-02-14</effectiveDate>
   </donor>

</roster>