<?xml version="1.0" encoding="UTF-8" ?>
<!--
   New Perspectives on XML, 3rd Edition
   Tutorial 7
   Review Assignment

   List of agents

   Filename:         agencies.xml

-->

<firms>
   <firm firmNum="f101">
      <name>Acer Realty</name>
      <street>400 Hawthorne Avenue</street>
      <city>Longmont</city>
      <state>CO</state>
      <zip>80504</zip>
      <phone>(303) 555-9092</phone>
      <web>http://www.example.com/acerrealty</web>
      <agents>
         <agent agentNum="a2148">
            <name>Gary Ubersetzing</name>
            <phone>(303) 555-9091</phone>
            <email>gary_uber@example.com/acerrealty</email>
         </agent>
         <agent agentNum="a2149">
            <name>Kari Lawrence</name>
            <phone>(970) 555-8799</phone>
            <email>Kari_lawrence@example.com/acerrealty</email>
         </agent>
         <agent agentNum="a2150">
            <name>Patty Becker</name>
            <phone>(303) 555-0933</phone>
            <email>patty_becker@example.com/acerrealty</email>
         </agent>
      </agents>
   </firm>
   <firm firmNum="f102">
      <name>Toffer Realty</name>
      <street>311 Allen Court</street>
      <city>Berthoud</city>
      <state>CO</state>
      <zip>80513</zip>
      <phone>(970) 555-5081</phone>
      <web>http://www.example.com/tofferrealty</web>
      <agents>
         <agent agentNum="a2140">
            <name>Karen Fawkes</name>
            <phone>(303) 555-3414</phone>
            <email>karen_fawkes@example.com/tofferrealty</email>
         </agent>
         <agent agentNum="a2144">
            <name>Peter Grumwald</name>
            <phone>(970) 555-3419</phone>
            <email>peter_grumwald@example.com/tofferrealty</email>
         </agent>
      </agents>
   </firm>
   <firm firmNum="f103">
      <name>Carson Homes</name>
      <street>981 Frontage Road</street>
      <city>Longmont</city>
      <state>CO</state>
      <zip>80503</zip>
      <phone>(303) 555-0912</phone>
      <web>http://www.example.com/carsonhomes</web>
      <agents>
         <agent agentNum="a2141">
            <name>Linda DeJesus</name>
            <phone>(970) 555-4140</phone>
            <email>ldejesus@example.com/carsonhomes</email>
         </agent>
         <agent agentNum="a2146">
            <name>Ian Oppelganger</name>
            <phone>(303) 555-5439</phone>
            <email>idoppelganger@example.com/carsonhomes</email>
         </agent>
         <agent agentNum="a2145">
            <name>Cynthia Cho</name>
            <phone>(970) 555-5432</phone>
            <email>ckcho@example.com/carsonhomes</email>
         </agent>
      </agents>
   </firm>
   <firm firmNum="f104">
      <name>The Rawlings Company</name>
      <street>678 Grimble Street</street>
      <city>Lyons</city>
      <state>CO</state>
      <zip>80540</zip>
      <phone>(970) 555-6780</phone>
      <web>http://www.example.com/rawlingscompany</web>
      <agents>
         <agent agentNum="a2142">
            <name>Lawrence Rao</name>
            <phone>(970) 555-8580</phone>
            <email>lkrao@example.com/rawlingscompany</email>
         </agent>
         <agent agentNum="a2147">
            <name>Allan Lee</name>
            <phone>(303) 555-8900</phone>
            <email>adlee@example.com/rawlingscompany</email>
         </agent>
      </agents>
   </firm>
   <firm firmNum="f105">
      <name>Premier Realty</name>
      <street>87 Crawford Court</street>
      <city>Fort Lupton</city>
      <state>CO</state>
      <zip>80622</zip>
      <phone>(303) 555-8915</phone>
      <web>http://www.example.com/premierrealty</web>
      <agents>
         <agent agentNum="a2143">
            <name>Michael Menschen</name>
            <phone>(303) 555-8918</phone>
            <email>mkmenschen@example.com/premierrealty</email>
         </agent>
      </agents>
   </firm>
</firms>