<?xml version="1.0" encoding="UTF-8" ?>
<!--
   New Perspectives on XML, 3rd Edition
   Tutorial 7
   Case Problem 4

   Appalachian House Donors

   Author: Kendrick Thorne
   Date:   3/1/2017

   Filename:         donations.xml
   Supporting Files: 

-->

<donors>
	<donor donorID="donor87">
		<first>Mildred</first>
		<last>Moore</last>
		<address>9451 Pearse Grove Drive</address>
		<city>Maysville</city>
		<state>KY</state>
		<zip>41056</zip>
		<phone>606-555-2928</phone>
		<email>mmoore@example.com/mail</email>
	</donor>
	<donor donorID="donor88">
		<first>Jodi</first>
		<last>Wells</last>
		<address>3463 Wolfe Lane</address>
		<city>Lexington</city>
		<state>KY</state>
		<zip>40503</zip>
		<phone>859-555-4667</phone>
		<email>jwells@example.com/mail</email>
	</donor>
	<donor donorID="donor89">
		<first>Irene</first>
		<last>Berry</last>
		<address>8058 King Villas Lane</address>
		<city>Louisville</city>
		<state>KY</state>
		<zip>40211</zip>
		<phone>502-555-2851</phone>
		<email>iberry@example.com/mail</email>
	</donor>
	<donor donorID="donor90">
		<first>Guillermo</first>
		<last>Shafer</last>
		<address>2862 Roppe Street</address>
		<city>Lexington</city>
		<state>KY</state>
		<zip>40506</zip>
		<phone>859-555-9374</phone>
		<email>gshafe@example.com/mail</email>
	</donor>
	<donor donorID="donor91">
		<first>Monica</first>
		<last>Gray</last>
		<address>7383 Galwey Lane</address>
		<city>Bowling Green</city>
		<state>KY</state>
		<zip>42104</zip>
		<phone>270-555-3249</phone>
		<email>mgray@example.com/mail</email>
	</donor>
	<donor donorID="donor92">
		<first>Jerold</first>
		<last>Cole</last>
		<address>9047 Temple Lane</address>
		<city>Frankfort</city>
		<state>KY</state>
		<zip>40601</zip>
		<phone>502-555-9286</phone>
		<email>jcole@example.com/mail</email>
	</donor>
	<donor donorID="donor93">
		<first>David</first>
		<last>Butler</last>
		<address>6637 Clarence Street</address>
		<city>Lexington</city>
		<state>KY</state>
		<zip>40512</zip>
		<phone>859-555-1769</phone>
		<email>dbutle@example.com/mail</email>
	</donor>
	<donor donorID="donor94">
		<first>Mae</first>
		<last>Tillman</last>
		<address>9307 Eden Avenue</address>
		<city>Frankfort</city>
		<state>KY</state>
		<zip>40604</zip>
		<phone>502-555-7789</phone>
		<email>mtillm@example.com/mail</email>
	</donor>
	<donor donorID="donor95">
		<first>Raymond</first>
		<last>Adams</last>
		<address>1039 Hill Court</address>
		<city>Bowling Green</city>
		<state>KY</state>
		<zip>42101</zip>
		<phone>270-555-1686</phone>
		<email>radams@example.com/mail</email>
	</donor>
	<donor donorID="donor96">
		<first>James</first>
		<last>Smith</last>
		<address>8275 Strandside Way</address>
		<city>Lexington</city>
		<state>KY</state>
		<zip>40518</zip>
		<phone>859-555-8359</phone>
		<email>jsmith@example.com/mail</email>
	</donor>
	<donor donorID="donor97">
		<first>Frederick</first>
		<last>Turner</last>
		<address>4106 Crampton Court</address>
		<city>Albany</city>
		<state>KY</state>
		<zip>42602</zip>
		<phone>606-555-6493</phone>
		<email>fturne@example.com/mail</email>
	</donor>
	<donor donorID="donor98">
		<first>Alfred</first>
		<last>Woodson</last>
		<address>6211 O'Connell Way</address>
		<city>Louisville</city>
		<state>KY</state>
		<zip>40211</zip>
		<phone>502-555-2485</phone>
		<email>awoods@example.com/mail</email>
	</donor>
	<donor donorID="donor99">
		<first>Matthew</first>
		<last>Hebert</last>
		<address>7697 Parkgate Street</address>
		<city>Louisville</city>
		<state>KY</state>
		<zip>40220</zip>
		<phone>502-555-1445</phone>
		<email>mheber@example.com/mail</email>
	</donor>
	<donor donorID="donor100">
		<first>Michelle</first>
		<last>Hatfield</last>
		<address>2838 King's Avenue SW</address>
		<city>Bowling Green</city>
		<state>KY</state>
		<zip>42104</zip>
		<phone>270-555-5533</phone>
		<email>mhatfi@example.com/mail</email>
	</donor>
	<donor donorID="donor101">
		<first>Jeffrey</first>
		<last>Harris</last>
		<address>397 Crescent Drive</address>
		<city>Louisville</city>
		<state>KY</state>
		<zip>40220</zip>
		<phone>502-555-7281</phone>
		<email>jharri@example.com/mail</email>
	</donor>
	<donor donorID="donor102">
		<first>Corene</first>
		<last>Reece</last>
		<address>1089 Sandstone Court</address>
		<city>Bowling Green</city>
		<state>KY</state>
		<zip>42102</zip>
		<phone>270-555-5783</phone>
		<email>creece@example.com/mail</email>
	</donor>
	<donor donorID="donor103">
		<first>Francis</first>
		<last>Guzman</last>
		<address>9409 Applemarket Avenue</address>
		<city>Lexington</city>
		<state>KY</state>
		<zip>40516</zip>
		<phone>859-555-7487</phone>
		<email>fguzma@example.com/mail</email>
	</donor>
	<donor donorID="donor104">
		<first>Patricia</first>
		<last>Curtis</last>
		<address>5837 Croft Street</address>
		<city>Lexington</city>
		<state>KY</state>
		<zip>40518</zip>
		<phone>859-555-2443</phone>
		<email>pcurti@example.com/mail</email>
	</donor>
	<donor donorID="donor105">
		<first>William</first>
		<last>Joyce</last>
		<address>5317 Mead Court</address>
		<city>Louisville</city>
		<state>KY</state>
		<zip>40206</zip>
		<phone>502-555-9262</phone>
		<email>wjoyce@example.com/mail</email>
	</donor>
	<donor donorID="donor106">
		<first>Margaret</first>
		<last>Parra</last>
		<address>4702 Barley Hill Street</address>
		<city>Louisville</city>
		<state>KY</state>
		<zip>40213</zip>
		<phone>502-555-4388</phone>
		<email>mparra@example.com/mail</email>
	</donor>
	<donor donorID="donor107">
		<first>Toni</first>
		<last>Bourdon</last>
		<address>1567 House Street</address>
		<city>Ashland</city>
		<state>KY</state>
		<zip>41102</zip>
		<phone>606-555-2757</phone>
		<email>tbourd@example.com/mail</email>
	</donor>
	<donor donorID="donor108">
		<first>Joshua</first>
		<last>Voss</last>
		<address>6166 Sarsfield Lane</address>
		<city>Winchester</city>
		<state>KY</state>
		<zip>40392</zip>
		<phone>859-555-9684</phone>
		<email>jvoss@example.com/mail</email>
	</donor>
	<donor donorID="donor109">
		<first>Marilyn</first>
		<last>Sams</last>
		<address>1321 Causeway Drive</address>
		<city>London</city>
		<state>KY</state>
		<zip>40744</zip>
		<phone>606-555-2458</phone>
		<email>msams@example.com/mail</email>
	</donor>
	<donor donorID="donor110">
		<first>Donald</first>
		<last>Brown</last>
		<address>8500 Baggot Lane</address>
		<city>Frankfort</city>
		<state>KY</state>
		<zip>40601</zip>
		<phone>502-555-2786</phone>
		<email>dbrown@example.com/mail</email>
	</donor>
	<donor donorID="donor111">
		<first>Richard</first>
		<last>Grahm</last>
		<address>1985 Henrietta Drive</address>
		<city>Maysville</city>
		<state>KY</state>
		<zip>41056</zip>
		<phone>606-555-7384</phone>
		<email>rgrahm@example.com/mail</email>
	</donor>
	<donor donorID="donor112">
		<first>Marjorie</first>
		<last>Mendez</last>
		<address>3087 Abbey Terrace Lane</address>
		<city>Lexington</city>
		<state>KY</state>
		<zip>40523</zip>
		<phone>859-555-2683</phone>
		<email>mmende@example.com/mail</email>
	</donor>
	<donor donorID="donor113">
		<first>Royce</first>
		<last>Natividad</last>
		<address>6245 Benburb  Lane</address>
		<city>Louisville</city>
		<state>KY</state>
		<zip>40203</zip>
		<phone>502-555-8112</phone>
		<email>rnativ@example.com/mail</email>
	</donor>
	<donor donorID="donor114">
		<first>Robert</first>
		<last>Pelletier</last>
		<address>3350 Arnott Circle</address>
		<city>Lexington</city>
		<state>KY</state>
		<zip>40519</zip>
		<phone>859-555-6454</phone>
		<email>rpelle@example.com/mail</email>
	</donor>
	<donor donorID="donor115">
		<first>Mary</first>
		<last>Tso</last>
		<address>2246 College Street</address>
		<city>Louisville</city>
		<state>KY</state>
		<zip>40215</zip>
		<phone>502-555-3586</phone>
		<email>mtso@example.com/mail</email>
	</donor>
	<donor donorID="donor116">
		<first>Michele</first>
		<last>Reed</last>
		<address>820 Brabazon Court</address>
		<city>Shelbyville</city>
		<state>KY</state>
		<zip>40065</zip>
		<phone>502-555-5133</phone>
		<email>mreed@example.com/mail</email>
	</donor>
	<donor donorID="donor117">
		<first>Tiffany</first>
		<last>Grainger</last>
		<address>6653 Jacknell Street</address>
		<city>Lexington</city>
		<state>KY</state>
		<zip>40518</zip>
		<phone>859-555-6554</phone>
		<email>tgrain@example.com/mail</email>
	</donor>
	<donor donorID="donor118">
		<first>Megan</first>
		<last>Sanders</last>
		<address>1898 Strandside Lane</address>
		<city>Lexington</city>
		<state>KY</state>
		<zip>40510</zip>
		<phone>859-555-3857</phone>
		<email>msande@example.com/mail</email>
	</donor>
	<donor donorID="donor119">
		<first>Grace</first>
		<last>Montgomery</last>
		<address>749 Jewell Drive</address>
		<city>Ashland</city>
		<state>KY</state>
		<zip>41101</zip>
		<phone>606-555-2839</phone>
		<email>gmontg@example.com/mail</email>
	</donor>
	<donor donorID="donor120">
		<first>Harold</first>
		<last>Cook</last>
		<address>1897 Vale Street</address>
		<city>Bowling Green</city>
		<state>KY</state>
		<zip>42104</zip>
		<phone>270-555-1134</phone>
		<email>hcook@example.com/mail</email>
	</donor>
	<donor donorID="donor121">
		<first>Nicolette</first>
		<last>Howe</last>
		<address>7179 Serlondes Street</address>
		<city>Frankfort</city>
		<state>KY</state>
		<zip>40604</zip>
		<phone>502-555-3462</phone>
		<email>nhowe@example.com/mail</email>
	</donor>
	<donor donorID="donor122">
		<first>Todd</first>
		<last>Rhodes</last>
		<address>3287 Beresford Avenue</address>
		<city>Lexington</city>
		<state>KY</state>
		<zip>40505</zip>
		<phone>859-555-8411</phone>
		<email>trhode@example.com/mail</email>
	</donor>
	<donor donorID="donor123">
		<first>Louis</first>
		<last>Valdez</last>
		<address>9902 Chancery Drive</address>
		<city>Louisville</city>
		<state>KY</state>
		<zip>40222</zip>
		<phone>502-555-9779</phone>
		<email>lvalde@example.com/mail</email>
	</donor>
	<donor donorID="donor124">
		<first>Cruz</first>
		<last>Thomas</last>
		<address>4636 New Terrace Street</address>
		<city>Lexington</city>
		<state>KY</state>
		<zip>40504</zip>
		<phone>859-555-7678</phone>
		<email>cthoma@example.com/mail</email>
	</donor>
	<donor donorID="donor125">
		<first>Jennifer</first>
		<last>Garcia</last>
		<address>2175 Horsefield Avenue</address>
		<city>Lexington</city>
		<state>KY</state>
		<zip>40510</zip>
		<phone>859-555-4523</phone>
		<email>jgarci@example.com/mail</email>
	</donor>
	<donor donorID="donor126">
		<first>Robert</first>
		<last>Payne</last>
		<address>5384 Weatherline Drive</address>
		<city>Winchester</city>
		<state>KY</state>
		<zip>40391</zip>
		<phone>859-555-6626</phone>
		<email>rpayne@example.com/mail</email>
	</donor>
	<donor donorID="donor127">
		<first>Jack</first>
		<last>Jackson</last>
		<address>1346 Quay Street</address>
		<city>Bowling Green</city>
		<state>KY</state>
		<zip>42102</zip>
		<phone>270-555-3749</phone>
		<email>jjacks@example.com/mail</email>
	</donor>
	<donor donorID="donor128">
		<first>Jerry</first>
		<last>Medina</last>
		<address>5966 Crampton Row</address>
		<city>Louisville</city>
		<state>KY</state>
		<zip>40205</zip>
		<phone>502-555-2267</phone>
		<email>jmedin@example.com/mail</email>
	</donor>
	<donor donorID="donor129">
		<first>Jorge</first>
		<last>Valdes</last>
		<address>3676 Church Place Court</address>
		<city>Louisville</city>
		<state>KY</state>
		<zip>40201</zip>
		<phone>502-555-5134</phone>
		<email>jvalde@example.com/mail</email>
	</donor>
	<donor donorID="donor130">
		<first>Valerie</first>
		<last>Hoskins</last>
		<address>1752 Bolton Avenue</address>
		<city>Louisville</city>
		<state>KY</state>
		<zip>40209</zip>
		<phone>502-555-2385</phone>
		<email>vhoski@example.com/mail</email>
	</donor>
	<donor donorID="donor131">
		<first>John</first>
		<last>Arnold</last>
		<address>3547 Wellington Lane</address>
		<city>Lexington</city>
		<state>KY</state>
		<zip>40509</zip>
		<phone>859-555-2484</phone>
		<email>jarnol@example.com/mail</email>
	</donor>
	<donor donorID="donor132">
		<first>Jordan</first>
		<last>Jones</last>
		<address>3344 Bakehouse Lawn</address>
		<city>Bowling Green</city>
		<state>KY</state>
		<zip>42104</zip>
		<phone>270-555-5633</phone>
		<email>jjones@example.com/mail</email>
	</donor>
	<donor donorID="donor133">
		<first>John</first>
		<last>Randall</last>
		<address>3234 Clare Close Avenue</address>
		<city>Bowling Green</city>
		<state>KY</state>
		<zip>42101</zip>
		<phone>270-555-5265</phone>
		<email>jranda@example.com/mail</email>
	</donor>
	<donor donorID="donor134">
		<first>Bonnie</first>
		<last>Jones</last>
		<address>2308 Dean Street</address>
		<city>Louisville</city>
		<state>KY</state>
		<zip>40205</zip>
		<phone>502-555-9219</phone>
		<email>bjones@example.com/mail</email>
	</donor>
	<donor donorID="donor135">
		<first>Kathy</first>
		<last>Hayes</last>
		<address>203 Garden Court</address>
		<city>Bowling Green</city>
		<state>KY</state>
		<zip>42103</zip>
		<phone>270-555-8545</phone>
		<email>khayes@example.com/mail</email>
	</donor>
	<donor donorID="donor136">
		<first>Gerald</first>
		<last>Boone</last>
		<address>595 Brighton Drive</address>
		<city>Bowling Green</city>
		<state>KY</state>
		<zip>42102</zip>
		<phone>270-555-1456</phone>
		<email>gboone@example.com/mail</email>
	</donor>
	<donor donorID="donor137">
		<first>James</first>
		<last>Cash</last>
		<address>693 Ellis Quay Avenue</address>
		<city>Louisville</city>
		<state>KY</state>
		<zip>40222</zip>
		<phone>502-555-9726</phone>
		<email>jcash@example.com/mail</email>
	</donor>
	<donor donorID="donor138">
		<first>Maria</first>
		<last>Swindler</last>
		<address>4488 Parnell Street</address>
		<city>Frankfort</city>
		<state>KY</state>
		<zip>40601</zip>
		<phone>502-555-5856</phone>
		<email>mswind@example.com/mail</email>
	</donor>
	<donor donorID="donor139">
		<first>Mildred</first>
		<last>Smith</last>
		<address>7762 French Avenue</address>
		<city>Lexington</city>
		<state>KY</state>
		<zip>40517</zip>
		<phone>859-555-9831</phone>
		<email>msmith@example.com/mail</email>
	</donor>
	<donor donorID="donor140">
		<first>Patricia</first>
		<last>Hall</last>
		<address>9820 Fosters Road</address>
		<city>Maysville</city>
		<state>KY</state>
		<zip>41056</zip>
		<phone>606-555-2489</phone>
		<email>phall@example.com/mail</email>
	</donor>
	<donor donorID="donor141">
		<first>Clifford</first>
		<last>Chandler</last>
		<address>4011 Hilton Lane</address>
		<city>Lexington</city>
		<state>KY</state>
		<zip>40509</zip>
		<phone>859-555-2424</phone>
		<email>cchand@example.com/mail</email>
	</donor>
	<donor donorID="donor142">
		<first>Terrance</first>
		<last>Sterling</last>
		<address>6944 Gardiner Drive</address>
		<city>Louisville</city>
		<state>KY</state>
		<zip>40213</zip>
		<phone>502-555-8642</phone>
		<email>tsterl@example.com/mail</email>
	</donor>
	<donor donorID="donor143">
		<first>James</first>
		<last>Huard</last>
		<address>645 Close Street</address>
		<city>Bowling Green</city>
		<state>KY</state>
		<zip>42101</zip>
		<phone>270-555-7112</phone>
		<email>jhuard@example.com/mail</email>
	</donor>
	<donor donorID="donor144">
		<first>Kathleen</first>
		<last>Todd</last>
		<address>929 Lookout Way</address>
		<city>Bowling Green</city>
		<state>KY</state>
		<zip>42101</zip>
		<phone>270-555-6345</phone>
		<email>ktodd@example.com/mail</email>
	</donor>
	<donor donorID="donor145">
		<first>Margaret</first>
		<last>Curtis</last>
		<address>6216 Brower Lane</address>
		<city>Louisville</city>
		<state>KY</state>
		<zip>40203</zip>
		<phone>502-555-9677</phone>
		<email>mcurti@example.com/mail</email>
	</donor>
	<donor donorID="donor146">
		<first>Keith</first>
		<last>Gomez</last>
		<address>9005 Horse Mill Crescent</address>
		<city>Bowling Green</city>
		<state>KY</state>
		<zip>42101</zip>
		<phone>270-555-8115</phone>
		<email>kgomez@example.com/mail</email>
	</donor>
	<donor donorID="donor147">
		<first>Robert</first>
		<last>Massey</last>
		<address>1804 Ellis Row</address>
		<city>Bowling Green</city>
		<state>KY</state>
		<zip>42102</zip>
		<phone>270-555-5348</phone>
		<email>rmasse@example.com/mail</email>
	</donor>
	<donor donorID="donor148">
		<first>Ellen</first>
		<last>Burris</last>
		<address>9476 Pipewell Street</address>
		<city>London</city>
		<state>KY</state>
		<zip>40745</zip>
		<phone>606-555-1469</phone>
		<email>eburri@example.com/mail</email>
	</donor>
	<donor donorID="donor149">
		<first>Edward</first>
		<last>Williams</last>
		<address>2300 Dominick Street</address>
		<city>Liberty</city>
		<state>KY</state>
		<zip>42539</zip>
		<phone>606-555-9378</phone>
		<email>ewilli@example.com/mail</email>
	</donor>
	<donor donorID="donor150">
		<first>Jayne</first>
		<last>Sites</last>
		<address>22 Eden Vale Drive</address>
		<city>Lexington</city>
		<state>KY</state>
		<zip>40503</zip>
		<phone>859-555-3997</phone>
		<email>jsites@example.com/mail</email>
	</donor>
	<donor donorID="donor151">
		<first>Grace</first>
		<last>Cannady</last>
		<address>8836 Victor Avenue</address>
		<city>Lexington</city>
		<state>KY</state>
		<zip>40519</zip>
		<phone>859-555-1834</phone>
		<email>gcanna@example.com/mail</email>
	</donor>
	<donor donorID="donor152">
		<first>David</first>
		<last>Bradford</last>
		<address>1372 Milkan Road</address>
		<city>Bowling Green</city>
		<state>KY</state>
		<zip>42104</zip>
		<phone>270-555-5793</phone>
		<email>dbradf@example.com/mail</email>
	</donor>
	<donor donorID="donor153">
		<first>Zelma</first>
		<last>Deluca</last>
		<address>5718 Mill Bridge Square</address>
		<city>Bowling Green</city>
		<state>KY</state>
		<zip>42102</zip>
		<phone>270-555-1751</phone>
		<email>zdeluc@example.com/mail</email>
	</donor>
	<donor donorID="donor154">
		<first>Audrey</first>
		<last>Pipkins</last>
		<address>4905 Harvard Alley</address>
		<city>Lexington</city>
		<state>KY</state>
		<zip>40513</zip>
		<phone>859-555-5377</phone>
		<email>apipki@example.com/mail</email>
	</donor>
	<donor donorID="donor155">
		<first>Donald</first>
		<last>Rader</last>
		<address>9703 Terry Way</address>
		<city>Lexington</city>
		<state>KY</state>
		<zip>40521</zip>
		<phone>859-555-5323</phone>
		<email>drader@example.com/mail</email>
	</donor>
	<donor donorID="donor156">
		<first>Brian</first>
		<last>Lane</last>
		<address>6179 King Street</address>
		<city>Lexington</city>
		<state>KY</state>
		<zip>40520</zip>
		<phone>859-555-2974</phone>
		<email>blane@example.com/mail</email>
	</donor>
	<donor donorID="donor157">
		<first>Gladys</first>
		<last>Crawford</last>
		<address>1619 Hatch Drive</address>
		<city>Frankfort</city>
		<state>KY</state>
		<zip>40601</zip>
		<phone>502-555-7268</phone>
		<email>gcrawf@example.com/mail</email>
	</donor>
	<donor donorID="donor158">
		<first>Lucille</first>
		<last>Dobson</last>
		<address>5760 Boreenatra Drive</address>
		<city>Louisville</city>
		<state>KY</state>
		<zip>40221</zip>
		<phone>502-555-8865</phone>
		<email>ldobso@example.com/mail</email>
	</donor>
	<donor donorID="donor159">
		<first>Fred</first>
		<last>Murphy</last>
		<address>6292 Emmett Square</address>
		<city>Lexington</city>
		<state>KY</state>
		<zip>40509</zip>
		<phone>859-555-3746</phone>
		<email>fmurph@example.com/mail</email>
	</donor>
	<donor donorID="donor160">
		<first>John</first>
		<last>Abbott</last>
		<address>9582 Ship Lane</address>
		<city>Louisville</city>
		<state>KY</state>
		<zip>40216</zip>
		<phone>502-555-3452</phone>
		<email>jabbot@example.com/mail</email>
	</donor>
	<donor donorID="donor161">
		<first>Stephen</first>
		<last>Bryant</last>
		<address>5320 Derby Avenue</address>
		<city>Lexington</city>
		<state>KY</state>
		<zip>40506</zip>
		<phone>859-555-6265</phone>
		<email>sbryan@example.com/mail</email>
	</donor>
	<donor donorID="donor162">
		<first>Shirley</first>
		<last>Lane</last>
		<address>8642 Passage Lane</address>
		<city>Winchester</city>
		<state>KY</state>
		<zip>40392</zip>
		<phone>859-555-2387</phone>
		<email>slane@example.com/mail</email>
	</donor>
	<donor donorID="donor163">
		<first>Myong</first>
		<last>Levine</last>
		<address>1580 Tanner Drive</address>
		<city>Lexington</city>
		<state>KY</state>
		<zip>40510</zip>
		<phone>859-555-2543</phone>
		<email>mlevin@example.com/mail</email>
	</donor>
	<donor donorID="donor164">
		<first>Timothy</first>
		<last>Decarlo</last>
		<address>6828 William Court</address>
		<city>Lexington</city>
		<state>KY</state>
		<zip>40522</zip>
		<phone>859-555-9431</phone>
		<email>tdecar@example.com/mail</email>
	</donor>
	<donor donorID="donor165">
		<first>Frankie</first>
		<last>Burpo</last>
		<address>287 Inns Avenue</address>
		<city>Lexington</city>
		<state>KY</state>
		<zip>40509</zip>
		<phone>859-555-5279</phone>
		<email>fburpo@example.com/mail</email>
	</donor>
	<donor donorID="donor166">
		<first>Louis</first>
		<last>Williams</last>
		<address>8079 Wolfe Avenue</address>
		<city>Louisville</city>
		<state>KY</state>
		<zip>40211</zip>
		<phone>502-555-2867</phone>
		<email>lwilli@example.com/mail</email>
	</donor>
	<donor donorID="donor167">
		<first>Heather</first>
		<last>Ahner</last>
		<address>371 Parnell Lane</address>
		<city>Louisville</city>
		<state>KY</state>
		<zip>40221</zip>
		<phone>502-555-8369</phone>
		<email>hahner@example.com/mail</email>
	</donor>
	<donor donorID="donor168">
		<first>Joann</first>
		<last>Close</last>
		<address>1170 Essex Road</address>
		<city>Louisville</city>
		<state>KY</state>
		<zip>40210</zip>
		<phone>502-555-8177</phone>
		<email>jclose@example.com/mail</email>
	</donor>
	<donor donorID="donor169">
		<first>Edward</first>
		<last>Griffin</last>
		<address>4392 Grovener Avenue</address>
		<city>Bowling Green</city>
		<state>KY</state>
		<zip>42101</zip>
		<phone>270-555-3862</phone>
		<email>egriff@example.com/mail</email>
	</donor>
	<donor donorID="donor170">
		<first>Sharon</first>
		<last>Rodriguez</last>
		<address>8234 Ely Circus Drive</address>
		<city>Bowling Green</city>
		<state>KY</state>
		<zip>42101</zip>
		<phone>270-555-6949</phone>
		<email>srodri@example.com/mail</email>
	</donor>
	<donor donorID="donor171">
		<first>Evelyn</first>
		<last>Gilliland</last>
		<address>8172 Grattan Place</address>
		<city>Lexington</city>
		<state>KY</state>
		<zip>40506</zip>
		<phone>859-555-2892</phone>
		<email>egilli@example.com/mail</email>
	</donor>
	<donor donorID="donor172">
		<first>Bennie</first>
		<last>Jackson</last>
		<address>11 Embankment Court</address>
		<city>Louisville</city>
		<state>KY</state>
		<zip>40201</zip>
		<phone>502-555-1243</phone>
		<email>bjacks@example.com/mail</email>
	</donor>
	<donor donorID="donor173">
		<first>James</first>
		<last>Mannion</last>
		<address>9369 Barrack Yard Street</address>
		<city>Frankfort</city>
		<state>KY</state>
		<zip>40601</zip>
		<phone>502-555-4172</phone>
		<email>jmanni@example.com/mail</email>
	</donor>
</donors>